{
  "hash": "46f50e4b",
  "configHash": "9699fa99",
  "lockfileHash": "3bfa63ba",
  "browserHash": "c2b89643",
  "optimized": {
    "@angular/common": {
      "src": "../../../../../../node_modules/@angular/common/fesm2022/common.mjs",
      "file": "@angular_common.js",
      "fileHash": "5fb1080d",
      "needsInterop": false
    },
    "@angular/core": {
      "src": "../../../../../../node_modules/@angular/core/fesm2022/core.mjs",
      "file": "@angular_core.js",
      "fileHash": "9e18fc03",
      "needsInterop": false
    },
    "@angular/forms": {
      "src": "../../../../../../node_modules/@angular/forms/fesm2022/forms.mjs",
      "file": "@angular_forms.js",
      "fileHash": "49b2760a",
      "needsInterop": false
    },
    "@angular/platform-browser": {
      "src": "../../../../../../node_modules/@angular/platform-browser/fesm2022/platform-browser.mjs",
      "file": "@angular_platform-browser.js",
      "fileHash": "df74ddb3",
      "needsInterop": false
    },
    "@angular/router": {
      "src": "../../../../../../node_modules/@angular/router/fesm2022/router.mjs",
      "file": "@angular_router.js",
      "fileHash": "27c342c0",
      "needsInterop": false
    }
  },
  "chunks": {
    "chunk-NJGT5AFO": {
      "file": "chunk-NJGT5AFO.js"
    },
    "chunk-2WDSK4Z4": {
      "file": "chunk-2WDSK4Z4.js"
    },
    "chunk-PR7BJRWE": {
      "file": "chunk-PR7BJRWE.js"
    }
  }
}